n,n_sim,model_ab,model_p,model_sig,null_ab,null_p,null_sig
120,1,0.1172991619428579,0.028,1,0.021488179655812754,0.44,0
120,2,0.0668951557604664,0.082,0,-0.007783240040254868,0.676,0
120,3,0.09327985851112973,0.03,1,-0.003974808578223519,0.818,0
120,4,0.0897191576891267,0.158,0,0.0033562211928676177,0.904,0
120,5,-0.0016467772542682665,0.98,0,-0.0046968848350416505,0.942,0
120,6,0.0026956679220772424,0.982,0,0.04780124263003616,0.168,0
120,7,0.14944465797541284,0.022,1,-0.02330610959076089,0.384,0
120,8,0.05574645311192098,0.164,0,0.007564791262189233,0.832,0
120,9,0.11605354833156359,0.022,1,-0.008736168076919737,0.718,0
120,10,0.06313104232526243,0.126,0,-0.006432155114612151,0.778,0
120,11,0.05077037419640434,0.226,0,0.0032904804195639454,0.84,0
120,12,0.07016876314791946,0.206,0,-0.0028936735633795134,0.792,0
120,13,0.1058155610676747,0.062,0,-0.009225016817839531,0.636,0
120,14,0.05695122333191807,0.118,0,0.0019422617691712564,0.988,0
120,15,0.11347129388374586,0.04,1,-0.024797674954159247,0.368,0
120,16,0.10328330442630423,0.038,1,0.013881956658126963,0.604,0
120,17,0.06721263070641689,0.156,0,0.016490310836541074,0.618,0
120,18,0.16454658258874783,0.006,1,-7.761084382473009e-4,0.836,0
120,19,0.13653988942226053,0.082,0,4.6349816217348104e-4,0.944,0
120,20,0.03252302202270181,0.41,0,0.002681431779013389,0.766,0
120,21,0.02425690222888485,0.47,0,0.0027999866566154807,0.89,0
120,22,0.05119584463261544,0.086,0,-0.014548620125638703,0.632,0
120,23,-0.0014425786630325658,0.97,0,-0.013561127759670034,0.524,0
120,24,0.04526006293588116,0.25,0,-1.3857485312807505e-4,0.892,0
120,25,0.05868971442389664,0.252,0,-2.1854150274823832e-5,0.962,0
160,1,0.03920906200890306,0.216,0,0.01695798287706401,0.406,0
160,2,0.023970089510221764,0.264,0,0.0013320735826291615,0.954,0
160,3,0.07580088053412667,0.018,1,-0.013435656010249389,0.596,0
160,4,0.09425609477108446,0.024,1,0.0015999382918326687,0.89,0
160,5,0.014314595830405574,0.734,0,-1.0500407208105007e-4,0.888,0
160,6,0.10300608901160983,0.008,1,0.002493300288695283,0.84,0
160,7,0.03396028099162969,0.21,0,0.008366981919477946,0.65,0
160,8,0.04406573909474752,0.156,0,-0.0040006099730241825,0.778,0
160,9,0.06437639067204516,0.142,0,0.005536420618311081,0.764,0
160,10,0.010607139960024294,0.564,0,-0.029923300097825487,0.18,0
160,11,0.13508358898477346,0.012,1,-0.0029695209022684932,0.798,0
160,12,0.05943761698452301,0.166,0,0.009584052326648487,0.58,0
160,13,0.059619740123541674,0.13,0,4.841861828694824e-4,0.902,0
160,14,0.110281948382474,0.012,1,-0.004780208742675058,0.844,0
160,15,0.09654419709851085,0.004,1,0.002355778245653293,0.982,0
160,16,0.057449173403926065,0.12,0,0.026044740058121612,0.246,0
160,17,-0.0015330618378917595,0.928,0,0.0059981894981196455,0.802,0
160,18,0.03767280752428639,0.216,0,0.0018645907335276895,0.99,0
160,19,0.08150887694239453,0.016,1,-0.004951709013232212,0.71,0
160,20,0.1313903848243047,0.018,1,0.0013099403092186731,0.894,0
160,21,0.014484590407458798,0.646,0,-7.194137267365943e-4,0.97,0
160,22,0.035639384380999437,0.338,0,-1.685591962806358e-4,0.968,0
160,23,0.06785607705313448,0.044,1,0.00970680650787236,0.79,0
160,24,0.022652474075585592,0.7,0,-7.09453010780731e-4,0.86,0
160,25,0.055596056458099764,0.222,0,4.108292244384237e-4,0.942,0
200,1,0.041334935507954966,0.07,0,0.001228750823183941,0.884,0
200,2,0.07603157027481366,0.04,1,-0.010548870459398514,0.512,0
200,3,0.06410683983421432,0.05,0,-0.004647757242758096,0.766,0
200,4,0.062264682652988415,0.05,0,0.0030429252351599394,0.866,0
200,5,0.16786161477599584,0.002,1,0.0029194492595509777,0.716,0
200,6,0.021802814059617807,0.368,0,0.003785407728914364,0.758,0
200,7,0.037514129063138876,0.19,0,-9.225494755557573e-4,0.856,0
200,8,0.022866362544027064,0.53,0,-0.0017587199309867937,0.978,0
200,9,0.0616475098579717,0.108,0,0.0010103857124040268,0.92,0
200,10,0.057983409382353336,0.09,0,0.007847594173090555,0.596,0
200,11,0.08817577833707003,0.002,1,-6.495356536635799e-5,0.952,0
200,12,0.08941092465098195,0.068,0,-0.0022958154399261273,0.89,0
200,13,0.062412113090865064,0.034,1,0.009176109298600594,0.572,0
200,14,0.0028531971242294835,0.95,0,-0.0013509066672134878,0.902,0
200,15,0.06519310132912925,0.036,1,0.0020229865957172733,0.88,0
200,16,0.009685227716457325,0.71,0,0.012053268356376837,0.482,0
200,17,0.023455627204685393,0.346,0,-0.0014892388995422579,0.964,0
200,18,0.037151112944683755,0.094,0,0.0016887143886295825,0.962,0
200,19,0.09007434260713643,0.008,1,0.002640736377892288,0.78,0
200,20,0.08131163781761598,0.01,1,-0.0030524364506065898,0.826,0
200,21,0.06062706342481247,0.172,0,-0.0016430119249653675,0.896,0
200,22,0.042186927855941976,0.18,0,-0.006250729538079302,0.67,0
200,23,0.07686903163597066,0.028,1,-7.140117015641491e-4,0.996,0
200,24,0.03639780920880644,0.116,0,-4.1675946858506474e-4,0.862,0
200,25,0.036363246078605,0.238,0,0.004339535135119273,0.752,0
